"","trait","ER.model","ADR.model"
"1","Ploidy",1967.49967416343,1874.78919611436
"2","Soil type",4529.34868355894,4186.8761579283
